{
  "herlev": {
    "train_dev": {
      "mean": [
        0.5039063920010091,
        0.469708558349244,
        0.5873637639504086
      ],
      "std": [
        0.1581707790959189,
        0.15517248538589196,
        0.13450117876064835
      ]
    },
    "fold_0": {
      "mean": [
        0.322705708512432,
        0.23791288456476595,
        0.6010174156199717
      ],
      "std": [
        0.31992914331023375,
        0.2571527519369137,
        0.25313765283844036
      ]
    },
    "fold_1": {
      "mean": [
        0.3257831700463396,
        0.24503498871435386,
        0.6019562636747974
      ],
      "std": [
        0.3170174667209108,
        0.25857944205777533,
        0.2512279509426446
      ]
    },
    "fold_2": {
      "mean": [
        0.3302342762730696,
        0.2481318516348285,
        0.6006722919086263
      ],
      "std": [
        0.3174882032937973,
        0.25928784225925205,
        0.24986535888760808
      ]
    },
    "fold_3": {
      "mean": [
        0.3276625410306708,
        0.2440932852227816,
        0.6029425293846463
      ],
      "std": [
        0.3192736434968373,
        0.2592077204535924,
        0.25222702901677757
      ]
    },
    "fold_4": {
      "mean": [
        0.32680943154535014,
        0.24513537698305668,
        0.6014582651843408
      ],
      "std": [
        0.3168829967682502,
        0.25777675656941457,
        0.2500711976428698
      ]
    },
    "full": {
      "mean": [
        0.32663984163228893,
        0.24406255940786475,
        0.6016093949109547
      ],
      "std": [
        0.31813009903062756,
        0.2584242564372629,
        0.2513098997570532
      ]
    }
  },
  "apacc": {
    "train_dev": {
      "mean": [
        0.7467414776280656,
        0.6917098212038534,
        0.7182460325290075
      ],
      "std": [
        0.2690864177366909,
        0.2727108449403747,
        0.2635064013911657
      ]
    },
    "fold_0": {
      "mean": [
        0.7470610401921806,
        0.6919000564337116,
        0.718173384299493
      ],
      "std": [
        0.26888953877732225,
        0.2725565614478528,
        0.2634224708760905
      ]
    },
    "fold_1": {
      "mean": [
        0.7468707814914394,
        0.6920266600151884,
        0.7186294721918427
      ],
      "std": [
        0.2690651815512728,
        0.2723135564663383,
        0.2631581477259027
      ]
    },
    "fold_2": {
      "mean": [
        0.7461916209719276,
        0.6910976142637573,
        0.7177386840155734
      ],
      "std": [
        0.2692422619697531,
        0.27291218071859547,
        0.26379926557440175
      ]
    },
    "fold_3": {
      "mean": [
        0.7465746371743818,
        0.6914970388071924,
        0.7180296983166867
      ],
      "std": [
        0.269341152966464,
        0.2730882486692511,
        0.2638608665382241
      ]
    },
    "fold_4": {
      "mean": [
        0.7470093083103989,
        0.6920277364994171,
        0.718658923821442
      ],
      "std": [
        0.2688926774788699,
        0.27268180146634025,
        0.2632893324837837
      ]
    },
    "full": {
      "mean": [
        0.7467414776280656,
        0.6917098212038534,
        0.7182460325290075
      ],
      "std": [
        0.2690864177366909,
        0.2727108449403747,
        0.2635064013911657
      ]
    }
  },
  "sipakmed": {
    "train_dev": {
      "mean": [
        0.4986562829061185,
        0.48052165054878204,
        0.579512818457033
      ],
      "std": [
        0.20484685887024123,
        0.1904880254759646,
        0.2144711048960294
      ]
    },
    "fold_0": {
      "mean": [
        0.49680850883860694,
        0.47331099222769635,
        0.5714013791106879
      ],
      "std": [
        0.20247627460042728,
        0.19091350947785754,
        0.21609532574074725
      ]
    },
    "fold_1": {
      "mean": [
        0.4977389975647779,
        0.4821343189108726,
        0.5824121319852136
      ],
      "std": [
        0.20415872156998133,
        0.19195353810889848,
        0.21616661204443785
      ]
    },
    "fold_2": {
      "mean": [
        0.49653574842078524,
        0.48287187228526673,
        0.5805227856698152
      ],
      "std": [
        0.2039958013962194,
        0.18844320703970846,
        0.21203314223837716
      ]
    },
    "fold_3": {
      "mean": [
        0.5013767009776913,
        0.48210427841578807,
        0.582757046596836
      ],
      "std": [
        0.207071975555503,
        0.1898473960757242,
        0.21254467687173795
      ]
    },
    "fold_4": {
      "mean": [
        0.501010937304509,
        0.48247773183612036,
        0.5806906570729572
      ],
      "std": [
        0.20662628205674005,
        0.1910102815006388,
        0.21514666825704817
      ]
    },
    "full": {
      "mean": [
        0.4986562829061185,
        0.48052165054878204,
        0.579512818457033
      ],
      "std": [
        0.20484685887024123,
        0.1904880254759646,
        0.2144711048960294
      ]
    }
  },
  "apacc_sipakmed": {
    "fold_0": {
      "mean": [
        0.7222024987998853,
        0.6708597795760773,
        0.7043498875183801
      ],
      "std": [
        0.27381175688946235,
        0.27324648369438287,
        0.26259977819285385
      ]
    },
    "fold_1": {
      "mean": [
        0.7219648337617258,
        0.6709721189756794,
        0.704585977737561
      ],
      "std": [
        0.2738601873555451,
        0.2729415313980996,
        0.26226352157775684
      ]
    },
    "fold_2": {
      "mean": [
        0.7235593843369215,
        0.6719076508074627,
        0.7051118639161705
      ],
      "std": [
        0.273288229312859,
        0.27304009703722343,
        0.26249129409658345
      ]
    },
    "fold_3": {
      "mean": [
        0.7240088172001449,
        0.6722660696445845,
        0.7056034894643938
      ],
      "std": [
        0.2733835222718105,
        0.27288750484980007,
        0.2620178664976767
      ]
    },
    "fold_4": {
      "mean": [
        0.7237303411044018,
        0.6718861946903334,
        0.7054565976340682
      ],
      "std": [
        0.27324571337800346,
        0.27341203591166474,
        0.2626952338110873
      ]
    },
    "full": {
      "mean": [
        0.7230917516509257,
        0.671577453485563,
        0.7050207270027853
      ],
      "std": [
        0.2735196873843395,
        0.27310612306727977,
        0.2624141836455
      ]
    }
  },
  "herlev_sipakmed": {
    "fold_0": {
      "mean": [
        0.44494252492728537,
        0.40966409348606686,
        0.5885281128154207
      ],
      "std": [
        0.2554624586866929,
        0.23955776252524638,
        0.22564182873231128
      ]
    },
    "fold_1": {
      "mean": [
        0.4441613932224213,
        0.40699861570184004,
        0.5872627552924642
      ],
      "std": [
        0.2583476862083567,
        0.24153075244511718,
        0.22782443187843981
      ]
    },
    "fold_2": {
      "mean": [
        0.44684224288439683,
        0.40565505460341883,
        0.5839005411010301
      ],
      "std": [
        0.2596751184978171,
        0.2388529028471255,
        0.2267568151285623
      ]
    },
    "fold_3": {
      "mean": [
        0.4433017188939454,
        0.40440996519626166,
        0.5849196485785239
      ],
      "std": [
        0.2605549440987517,
        0.2418056210762309,
        0.2282565869749883
      ]
    },
    "fold_4": {
      "mean": [
        0.4489786416946159,
        0.4114700343263119,
        0.5869371941464846
      ],
      "std": [
        0.2555873749789351,
        0.23821186968678612,
        0.224973200035221
      ]
    },
    "full": {
      "mean": [
        0.4456531072395132,
        0.40766185497984153,
        0.5863214043965211
      ],
      "std": [
        0.25792488374814265,
        0.24000546068676396,
        0.22669156105433724
      ]
    }
  },