{
  "herlev": {
    "train_dev": {
      "mean": [
        0.5039063920010091,
        0.469708558349244,
        0.5873637639504086
      ],
      "std": [
        0.1581707790959189,
        0.15517248538589196,
        0.13450117876064835
      ]
    }
  },
  "apacc": {
    "train_dev": {
      "mean": [
        0.7467414776280656,
        0.6917098212038534,
        0.7182460325290075
      ],
      "std": [
        0.2690864177366909,
        0.2727108449403747,
        0.2635064013911657
      ]
    }
  },
  "sipakmed": {
    "train_dev": {
      "mean": [
        0.4986562829061185,
        0.48052165054878204,
        0.579512818457033
      ],
      "std": [
        0.20484685887024123,
        0.1904880254759646,
        0.2144711048960294
      ]
    }
  }
}